명작액상분유먹이시는분들,1
분유를,15
..또,1
ㅠㅠ,9
hipp(힙분유),1
"프레1통,",1
1단계1통,1
각,1
만원,1
일동,2
산양,1
분유,130
1단계,7
800/400g,1
1통씩,1
택포,9
5만원,1
독일,3
힙분유,9
무전분,1
2단계,8
팝니다,6
11개월아기,1
분유대신,1
멸균우유,1
8갤,1
아기,36
바꿔야,5
할까요??,1
다,2
먹고,5
우는,1
아가..,1
뭘로,1
선택하셨어요?,1
한통,1
먹은직후,1
토하면,1
얼마,1
먹은걸로,1
계산하나요,1
윈크라우드,2
분유포트,8
쓰시는분들,1
오스트리아,1
힙,7
프레(pre),1
이유식,8
먹은후,2
오늘이,1
6개월9일인데요,1
액상분유,9
선택이요,1
혼합수유,4
분유단계,3
질문있어요,1
[삽니다]힙분유1단계,1
분유단계올리고,1
안먹으려고해요ㅠㅠ,1
갑자기,2
젖이,1
안나와요.,1
분유도,2
거부하구요..,1
수유할때,1
자세나,1
쿠션,1
사용,2
등,1
다들,2
어떻게,7
하세요?,1
완분,1
신생아,8
분유텀이요,1
분유질문요,2
95일아기,1
얼마나,3
먹나요?,2
분유만,1
먹이면,3
가슴,1
덜,1
쳐지나요?,1
몇살때,1
까지,1
먹나요.,1
중기이유식,2
바로,3
주시나요?,1
분유제조기,2
베이비브레짜,2
신형(변압기,1
포함),1
분유먹다가,1
데워줘야먹는,1
아기.....,1
묽은변..,1
추천,4
좀,3
해주세요~,1
힙분유+아이옷드려요,1
분유타는거에,1
따라,1
응가상태..,1
1달째인데,1
안먹으려해요ㅜ,1
물조절,1
궁금해요,3
100일지난아기,1
분유양,6
되세요?,1
하루에,3
몇번정도,1
먹을까요?,1
120일,1
너무너무,1
안먹어요,2
혼합수유하는데,1
모유(직수)먹고,1
응가,2
해요,1
쿠첸분유포트기로,1
탈때요~,1
(사진주의),1
장염인데,1
흰죽/설사분유,1
뭘,1
더,2
비중으로,1
먹여야할지..,1
8개월,4
"낮잠시간,",1
"분유량(이유식량),분유텀",1
공유해주세용,1
소화잘안되는,1
아기분유,5
베이비브레짜는,1
국내분유,1
못하나요?,1
분유를줘도,1
두시간자네요,1
[분유]유기농,1
궁,3
3단계,6
스틱19개,1
분유먹이시는,1
맘님들,2
외출할때,1
준비하고나가시나요?,1
조리원분유,1
선택고민,1
분유갈아타기,1
질문이요!!!,1
[분유]트루맘,1
뉴클래스,1
퀸,1
3단계(새제품),1
사려고,1
하는데,1
분유추천,1
부탁드려요~~,1
분유추천좀부탁드려요ㅠㅜ,1
앱솔루트,3
3단계...,1
잘안녹아서,1
스트레스,1
6개월,2
분유거부,4
성장강화,1
인파트리니,1
분유수유텀이,1
분유텀,3
어찌,1
해야할지,1
고민이네요ㅜ,1
분유얼마,1
바꾸고,1
설사나,1
변,1
좋아진,1
있나요?,1
분유먹은후,1
진득한,1
우유같은,1
액은,1
왜,2
생기는건가요?,1
애기가,1
모유도,1
"토하고,",1
토하고,1
곧,2
11개월,3
너무,5
안,3
먹어요,2
이때까지,1
제대로,1
씻기,1
분유포트로,2
먹이고있었어요,1
ㅠ,3
ㅠㅠㅠㅠ,1
아기11개월인데ㅠㅠ,1
젖병솔,1
보관하시나요?,1
분유포트는,1
세척하시나요?,1
유기농궁,1
3단계부터,1
조제식분유,1
괜찮을까요?,2
10개월아기),1
하루,1
이유식+분유,2
합쳐서,1
1200은,1
많나요?,1
분유2단계3단계,1
배앓이,1
없고,1
수유텀,5
긴,1
도와주세요~~,1
Pediasure,1
페디아슈어,1
살찌는,1
팔아요!,1
분유1단계,1
언제까지,3
먹여도될까요?,2
37일,1
아기인데요,1
분유먹고서,1
소화가,3
..,3
14갤,1
아이,1
먹을때,1
걸걸,1
거리는,1
소리?,1
그리고,1
밤에만,1
기침..ㅠ,1
분유늘리는,1
시점이요,1
새벽,1
분유질문,1
120주고,1
60을,1
"더먹었어요,,",1
단유하려면,1
수유텀에,1
넣어서,1
천천히,1
떼면,1
될까요??,1
(6개월쯤,1
"단유계획,",1
지금,1
4개월,1
완모),1
40-50일,1
사이,1
아기키우시는분들,1
몸무게랑,1
공유해주세요ㅠㅠ,1
분유추천해주세여,1
생후,2
23일,1
ㅡ,1
(분유,1
2/직수,1
8)저,1
잘하고,1
잇는지,1
봐주세요,2
46일차,1
수유량?,1
70일,2
분유양과,1
늘리는,1
방법,2
알려주세여.,1
분유끊고,1
뭐,1
먹이세요??!,1
수유,2
마치고,1
트름시,1
용쓰면서,1
힘들어하는,1
아기ㅠㅠ,1
막수,1
주는건,1
언제까지?,1
통잠자고나면,1
먹던양,1
그대로주시나요?,1
브라비,1
아이배냇,1
순산양분유가,1
컨피던트순산양유아식으로,1
바꼈데요!,1
아가,2
몇번,2
주세요?,1
분유빵,2
처음으로,1
만들어,1
봤어요~!,1
아기가,4
며칠간,1
구연산,1
들은,1
물로,1
먹은거같은데,1
어떡하죠,1
ㅠㅍ,1
전분-8통,1
유당불내증,1
분유요,1
분유타는법?,1
모유중탕,1
방법??,1
45일아기,1
분유총량,1
모유먹은뒤,1
압타밀분유,1
내수용,1
2통,1
구해,1
봐요!,1
니플,1
31개,1
10개월,2
이유식거부,1
어쩌죠?,1
쿠첸,1
미개봉,3
새제품,1
생후16일,1
배앓이분유(노발락AC)변경하려는데요ㅠㅠ,1
같은,1
남양분유,1
섞이지않고,1
갈아타도,2
되나요?,5
압타밀+모유수유중,1
분유거부왔는데,1
몰,1
먹여야할까요??,1
분유포트기,2
세척ㅠㅠ,1
도와주세요,1
정수기로,2
분유타기,1
분유나,2
모유,2
몇분뒤,1
순두부토,1
하는,4
60일,1
장염아기,1
분유먹으면,1
토해요,2
명작,3
먹이시는분,1
변색깔,1
어떤가요?,1
할까요?,2
갈아타려고,1
하는데요~~,1
분유먹는게,1
이상해요,1
분유정체기?일까요,1
9개월,1
이유식이랑,1
총량,2
어찌되세요??,1
압타밀,5
갈아탔어요,1
분유거부일까요?,1
후,2
안먹으려해요ㅠ,1
9개월아기,1
단유후,1
노발락,1
ad,1
새상품,1
15000원,1
부탁드립니다~,1
모유수유시,1
과자나,1
탄산등등먹음,1
분유가나을까요?,1
먹다가,2
남은,2
액상분유질문이요ㅠ,1
9갤아기,1
분유+이유식,1
괜찮나요?,3
80일된,1
아기.,1
220먹고도,1
칭얼대요,1
돌아기,7
"거부,",1
"떼기,",1
잠재울,1
때.....,1
도움을,1
구합니다!,1
한번,2
100일아가,1
밤잠자기전,1
"분유거부,",1
모유만,1
찾아요,1
프로누트라hmo,1
분유타는법,2
분유개봉후3주..꼭지켜야할까요?,1
분유800짜리,1
사면,1
가나요,1
10갤이요,1
갈아타는,2
중이에요,1
명작->압타밀,1
분유먹일때,1
공기가,1
들어간다는게,1
어떤건가요?,1
분유먹을때ㅠ,1
19일된,1
맞게잘하는건지요?,1
140일,1
된,3
거부해요,1
분유변경문의요ㅠㅠ,1
40일,2
아기인데,1
분유정체기가,1
올,1
수도,1
있나요??,1
분유xo있으신분,1
유기농궁이랑,1
교환하실분!,1
분유먹고,2
트름하면,1
바로눕혀도,1
HA,1
Pre,1
1통,2
판매합니다,1
모유에서,1
분유로,5
갈때,1
밤에,1
재우는방법,1
신형으로,1
일동후디스,3
산양분유,7
먹이는,2
분,1
계실까요?,1
단계올릴때,1
이상반응,1
100일아기,1
안먹는아기,1
분유추천..,1
130일,2
완모아기,1
추천해주세요.,2
갈아타기,3
a2분유,1
설사,1
ㅠㅠ..,1
어쩌죠,2
단계,4
넘어가는거요ㅠㅠ,1
(개당,1
800원),1
프로푸트라,1
HMO,1
맞을까요?,1
분유먹이는데,1
고개를자꾸들어요ㅜ,1
남은분유,1
재활용하는법,1
a2분유..,1
안녹아요..,1
분유갈아타는시기두는이유,1
중탕후에,1
다음에,1
먹여도,2
2주동안,1
잘못타서,1
주고있었어요,1
ㅜㅜ,1
분유&생우유,1
먹이시나요,1
1단계에서,1
2단계로,1
꼭,2
하나요?,2
"이유식,분유",1
먹는것좀봐주세요,1
81일아가,1
및,2
젖꼭지,1
사이즈문의요,1
유산균,1
넣은,1
분유.모유,1
먹다,1
남기면요,1
분유알려주세용,1
ㅜ,2
분유수유,5
언제쯤3번하면될까요?,1
이나려고,1
하면,1
"분유,",1
전부,1
거부하나요?,1
3일,1
사래,1
장염,1
설사분유,1
거부해요ㅜㅜ,1
몸무게가,1
줄었으면,1
분유수유하는게,1
좋겠죠?,1
분유팝니다,1
빨대컵으로,1
분유먹기2일차인데,1
분유바꿀건데,1
변이,1
묽지않은걸로,1
50일-60일아기,1
몸무게,1
분유수유량,2
"공유해요,,",1
국내분유에서,1
수입분유,1
조유량..,1
파스퇴르,2
뉴위드맘,1
1캔,1
1.6,1
400g,2
8천원,1
섞여먹여도되나요?,1
중기,1
시작하려는데,1
이유식먹이고,1
곧바로,1
보충하나요??,1
유기농,1
2캔,1
2만,1
쿠펜분유포트로,1
먹이시는,2
분~~,1
끊기,1
보통,1
하셨나요,1
아이베냇,1
순산양,1
분들,1
분유타는법이요,1
1단계분유,2
솔리스분유포트&큐티톡휴대용소독기일괄,1
애기,1
잘못바꾼거,1
같아요ㅠㅠ다시,1
"유모차라이너,쪽쪽이소독기,분유케이스",1
바꿀때,1
바꾸는건가요?,1
1단계(국내용),1
분유랑,1
유축만하시는분들있나요?,1
사례좀,1
들려주세요,1
이정도면,1
설사인가요?,1
분유많이,1
먹어도,1
물응가하나요?,1
###사진주의####응가사진있음,1
이유식먹일때,1
되나요??ㅠㅠ으,1
어렵네여,1
일정한양으로,1
공유,1
부탁드려요,1
담주면돌이라서요,1
분유질문이욤,1
후기,2
이유식에,1
분유가루,1
넣어줘도,1
될까요?,4
자꾸,3
토,2
220일,1
이유식+분유양,1
조금씩,1
"남겨요>,<",1
조언구해요~,1
끊으려는데,1
변비,2
변지림,1
분유바꿀까하는데,1
추천이요.,1
엄마가,1
잘,3
못먹으면,1
모유보다,1
분유가,5
나을까요??,1
100일,3
&산양분유거품,1
코알라분유,1
잘안녹죠??,1
덜된,1
응가~,1
바꿔야하나요?,2
분유끊기!,1
도와주세요ㅠ,1
분유탈때,1
물양이요,1
분유유목민이에요,1
제발,2
분유좀,1
추천해주세요,3
"앱솔루트분유요,",1
(0-1개월)인파트리니,1
질문,1
분유바꾸고,1
배앓이나으신분!!!,1
장염기,1
있는아기,1
분유줘두될까요?ㅜㅜ,1
분유는,1
언제까지먹고,1
이유식은언제부터먹나요?,1
신생아분유,1
봐주세요ㅜ,1
안맞는걸까요??,1
수입-수입분유,1
갈아타기요,1
백일아가,1
후디스,5
심한가요?,1
대변,1
분유정체기,1
일까요?!,1
교환드림),1
베이비멈멈+거버퓨레+액상분유,1
//,1
추달린,1
젖병빨대,1
혹시,1
구매하셨어요??,1
위드맘,4
색깔이요~,1
교환이,1
분유보온병,1
끊으면,1
밥을,1
잘먹는거,1
맞죠?,1
정체기?,1
노발락ar,2
구토분유!!,1
5개월여아,1
분유를너무안먹어요~~,1
분유단계변경,1
마더케이,2
분유저장팩,1
&,1
듀얼,1
변온,1
지퍼백,1
노발락AD,1
(설사,1
특수분유),1
써보신분,1
계신가요?,1
남양,1
닥터,1
설사하는,1
-가격내림,1
할까요,1
분유50프로.,1
기저귀,1
40프로~!,1
펭수스티커,1
500원,1
골라주세요ㅠ,1
혼합에서,1
분유로ㅜㅜ도와주세요!,1
4.5kg,1
분유양이,2
얼마가,1
적당할까요,1
먹이시나요?,4
"베베볼,",1
손잡이,1
팔아요~,3
백일분유,1
일괄,1
베비언스,1
9개,1
이마트,2
안깐거,2
2통.,2
개당,2
3만에,2
분유수유맘들,1
도와주세요ㅜㅜ,1
이후,1
해주세요!,1
(전단계,1
조제유),1
편안한,1
트루맘,4
노발락스테이지2,1
[후디스]아기분유,1
정착했어요,1
중탕,1
밖에서,1
어떤방법으로,1
하시나요?,1
분유바꿨는데...,1
이마트힙분유,2
쿠*에서,1
방금,1
샀어요,1
7개월,1
산양분유1단계,2
완모,1
단계...??,1
[엘이이한인타운],1
Hipp,1
or,1
구합니다.,1
오후4시반에,1
8시에목욕후,1
새벽3시까지자요.,1
분유먹고나면,1
소리지르거나,1
울어요,1
조리원에서,1
받은,1
쭉,1
가시나요?,1
(택포)산양분유1단계,1
21차,1
용쓰기ㅠㅠ,1
질문이용,1
카브리타산양,1
쿨거래시,1
31착불가능,1
컴포트케어,1
갈아타보려는데요ㅜㅜ,1
코알라분유먹이시는분!!,1
3개월직전,1
오래,1
포만감,1
느끼는분유,1
분유탔는데,1
잠든아기,1
변비...,1
바꿔야할까요??,1
보온병,1
어디꺼,1
쓰세요,1
?,1
저장팩,1
90,1
+60,1
(총150매),1
아기분유6개월까지가몇일인가요???,1
맛이,1
없으면,2
안먹기도,1
쿠팡에서,1
가끔,1
싸게파는분유,1
사서먹이시나용?,1
분유먹기,1
시작할때,1
울까요?,1
66일차,1
분유바꿔야겠죠?ㅠㅠ,1
혼자서,1
외출시,3
분유수유할때,1
분유탈때요,1
넘어가도,1
직수만,1
하다가,1
쯤,1
조제분유,1
알아보다,1
찾은,1
입니다,1
여아,1
정체기,1
일까요?,1
온도,2
뜨거워,1
아이가,1
화상,1
입은거,1
같아요..,1
분유태웠더니,1
애기가자요ㅠ,1
중갓에,1
다른,1
3텀,1
먹였는데,1
그게문제일까요?,1
모유수유에서,1
쿠첸오토분유포트vs윈크라우드,1
35일된,1
분유먹고서..,1
중딜,1
떳네요,1
못하는,1
도움,1
스틱분유,2
"15갤아기,",1
5개월째,1
밥거부로,1
주식,1
센서티브,1
토론토,1
+,1
이정도,1
양이면,1
완모이긴한데,1
갈아타려면,1
홀레분유먹고,1
좁쌀여드름(?)올라와요,1
분유거부?,1
외출,1
시,1
젖병에,1
담아놨던,1
보관,1
내려도,1
어머님들,1
2개월,1
어떤거,1
800*2,1
배송비포함,1
19개월인데,1
20개월,1
아직,1
쿠첸오토분유,1
포트에,1
넣는,1
물이요..,1
안맞는,2
건가요?,1
체중기준으로,1
하나요,2
월령기준으로,1
"이유식양,",1
봐주세요~^^,1
중인데,1
문제,1
굳이,1
안바꾸시나요?,1
기저귀랑,1
분유준비,1
해야하나요?,1
유축모유,1
준비한지,1
30분이내인데,1
따뜻하지않으면,1
먹여보신분들!,1
"산양분유,",1
자연방목분유가,1
어떤점이,1
좋은건가요?,1
봐주세요??,1
토하는,1
분유바꿔야할까요,1
12개월,1
식사량,1
"(분유,킨더밀쉬거부,유아식,총량",1
등등,1
문의),1
조리원이,1
남양분유를,1
쓰는데요(feat.남양불매자),1
[후디스산양분유],1
아기를,1
위한,1
최고의,1
선택!,1
분수토했는덕,1
다시,1
일동꺼,1
산양분유에는,1
액상이,1
없나요,1
모유랑,1
비슷한,2
분유추천부탁드려요,1
젖병소독기,1
추천해주세요(분유만먹일예정),1
vs,1
뭐가더나은가요ㅜㅜ,1
청록색,1
"설사,",1
56일,1
"남아,",1
혼합,1
하지만,1
거의,1
분유(명작)수유,1
바꾸려고,1
하는데요,1
!!!,1
엘프슈타펠,1
팝니당~,1
중인대,1
안먹으면,1
어떡해야하나요?,1
잘먹어요.,1
"이유식,",1
양,1
공유해요,1
타는법,1
"수유량,",1
공유해요.,1
갈아타는방법좀,1
알려주세요ㅜ,1
저녁6시~7시에먹이고,1
더먹이시나요?,1
질문요.,1
120-140먹는데,1
힙분유먹고,1
배앓이?,1
잠투정?,1
분유알러지,1
있는데,1
28일,1
먹었는데,1
또,2
배고파하면,1
주나요..?,1
코알라분유먹이시는맘님계신가요?,1
왜이리,1
비싼가요ㅜㅜ??,1
21일째,1
용량,1
헷갈려요.,1
120-140,1
먹는데,1
그린맘젖병5,1
분유케이스,1
더블하트유두보호기,1
닥터브라운젖꼭지,1
그로미미젖꼭지,1
스와비넥스공갈,1
아벤트공갈,1
더블하트공갈,1
@@일괄판매합니다,1
분유알러지인가요...?,1
(사진,1
유),1
질문이요..,1
퓨어락에서,2
필수템!!!!!!,1
생후28일차,1
모유수유후,1
보충분유,1
질문드려요,1
돌쟁이,1
안먹어도,1
살찌는분유,1
lg퓨리케어,1
이요ㅠ,1
이앓이,1
할때,1
분유거부하나요?,1
중인데요,1
8개월아기,1
텀,1
질문이요,1
추천해주세요ㅠ,1
이유식한번에200먹으면분유보충안해도되나요?,1
후디스산양분유,1
